Test Number,Speed,Accuracy,Number Correct,Number Entered
1,8.579994,1,4,4
2,11.62001,1,4,4
3,8.940002,1,4,4
4,7.160004,1,4,4
5,5.080002,1,4,4
6,5.359985,1,4,4
7,0.5200043,0,0,0
8,7.860001,1,4,4
9,9.220001,1,4,4
