Test Number,Speed,Accuracy,Number Correct,Number Entered
1,22.64,1,4,4
2,9.099998,1,4,4
3,14.75999,1,4,4
4,11.53999,1,4,4
5,7.220001,1,4,4
6,8.580002,1,4,4
7,12.98,0.6666667,4,6
8,7.940002,1,4,4
9,9.660019,0.3333333,1,3
