Test Number,Speed,Accuracy,Number Correct,Number Entered
1,14.31999,0.8,4,5
2,15.03999,0.5,2,4
3,8.020004,0.5,2,4
4,11.84,0.5714286,4,7
5,13.72,0.5,4,8
6,7.559982,0.8,4,5
7,17.85999,0.4,4,10
8,7.840027,1,4,4
9,11.08002,1,4,4
