Test Number,Speed,Accuracy,Number Correct,Number Entered
1,16.34,1,4,4
2,9.360001,1,4,4
3,8.659988,1,4,4
4,10.86,1,4,4
5,8.559998,1,4,4
6,6.479996,1,4,4
7,14.06,1,4,4
8,10.06,1,4,4
9,8.679993,1,4,4
