Test Number,Speed,Accuracy,Number Correct,Number Entered
1,54.48001,0.3636364,4,11
2,20.41998,1,4,4
3,12.84,1,1,1
4,16.06,0,0,4
5,13.96002,0.8,4,5
6,5.679993,1,4,4
7,58.06,0.05555556,1,18
8,10.31998,1,4,4
9,13.09998,1,4,4
