Test Number,Speed,Accuracy,Number Correct,Number Entered
1,12.74,0.3333333,1,3
2,7.12001,1,4,4
3,12.14,0.5,2,4
4,5.519989,1,4,4
5,6,1,4,4
6,4.5,1,4,4
7,11.94,0.6666667,4,6
8,7.259995,1,4,4
9,7.419998,1,4,4
