Test Number,Speed,Accuracy,Number Correct,Number Entered
1,22.92,0.5,4,8
2,7.519997,1,4,4
3,7.37999,1,4,4
4,11.25999,0.5714286,4,7
5,7.339996,1,4,4
6,7.220001,1,4,4
7,15.2,0.6666667,4,6
8,5.080002,1,4,4
9,7.539993,1,4,4
