Test Number,Speed,Accuracy,Number Correct,Number Entered
1,34.44,1,4,4
2,14.86,1,4,4
3,19.12001,1,4,4
4,28.75999,0,0,0
5,104.82,0.5,1,2
6,27.22,0,0,0
7,57.34,0,0,0
8,75.09998,0,0,3
9,94.47998,0.1428571,1,7
