Test Number,Speed,Accuracy,Number Correct,Number Entered
1,14.28,1,4,4
2,8.060013,1,4,4
3,7.119995,1,4,4
4,5.839996,1,4,4
5,5.399994,0.75,3,4
6,5.619995,1,4,4
7,7.419998,1,4,4
8,8,1,4,4
9,9.039993,1,4,4
